Question,Answer 1,Points 1,Answer 2,Points 2,Answer 3,Points 3,Answer 4,Points 4,Answer 5,Points 5,Answer 6,Points 6,Answer 7,Points 7,Answer 8,Points 8,Multiplier
Name something people do on a rainy day,Watch TV,30,Read a book,18,Take a nap,15,Play board games,11,Bake or cook,9,Clean the house,7,Drink hot tea or coffee,5,,,
Name something you find in a kitchen junk drawer,Rubber bands,22,Batteries,18,Scissors,14,Tape,12,Pens,10,Takeout menus,8,Twist ties,6,Matches,4,
Name something Grandma always tells you to do,Eat more,35,Wear a jacket,20,Call more often,14,Get married,10,Go to bed early,8,Save money,6,,,,,
Name something you take to the beach,Towel,32,Sunscreen,22,Umbrella,15,Chair,10,Cooler,8,Hat,6,Book,4,,,
Name an animal you see on a farm,Cow,38,Pig,20,Horse,15,Chicken,13,Sheep,6,Goat,4,Duck,2,,,
Name a reason someone is late for work,Traffic,40,Overslept,30,Car trouble,12,Kids,7,Bad weather,5,Lost keys,3,,,,,
Name something people put on a hot dog,Mustard,35,Ketchup,30,Relish,12,Onions,10,Chili,6,Sauerkraut,4,,,,,
Name something you'd find in a woman's purse,Wallet,30,Lipstick,18,Keys,15,Tissues,10,Phone,9,Gum or mints,7,Sunglasses,4,Hand lotion,3,
Name a holiday when the whole family gets together,Thanksgiving,38,Christmas,35,Easter,9,New Year's,7,Fourth of July,6,Mother's Day,3,,,,,
Name something that has wheels,Car,45,Bicycle,20,Bus,10,Shopping cart,8,Wheelchair,5,Skateboard,5,Train,3,,,
Name something you do every morning,Brush your teeth,34,Drink coffee,22,Take a shower,15,Eat breakfast,12,Get dressed,8,Make the bed,4,Read the paper,2,,,
Name something people are afraid of,Spiders,30,Snakes,22,Heights,16,The dark,10,The dentist,7,Flying,6,Clowns,4,Public speaking,3,
Name something you put in soup,Carrots,25,Noodles,20,Chicken,18,Potatoes,12,Onions,9,Celery,8,Salt,4,,,
Name something people like to collect,Stamps,30,Coins,25,Baseball cards,12,Seashells,9,Dolls,8,Rocks,6,Magnets,4,,,
Name something you see at a wedding,The bride,30,Cake,25,Flowers,15,Rings,10,Dancing,8,The priest,5,Rice,3,,,
Name a sound that wakes you up at night,Dog barking,28,Baby crying,20,Thunder,18,Snoring,14,Phone ringing,8,Siren,6,Cat meowing,3,,,
Name something you find in a garden,Flowers,35,Tomatoes,18,Weeds,14,Hose,10,Worms,9,Garden gnome,5,Bench,3,,,
Name something that's always in the fridge,Milk,40,Eggs,20,Butter,12,Leftovers,10,Ketchup,6,Cheese,6,Juice,4,,,
Name something you do before leaving on vacation,Pack,40,Lock the doors,18,Stop the mail,10,Water the plants,9,Find a pet sitter,8,Get cash,6,Check the stove,5,,,
Name something your parents told you not to do,Talk to strangers,25,Lie,18,Stay out late,15,Run in the house,12,Talk back,10,Play ball inside,8,Eat before dinner,6,,,
Name something people do at a family reunion,Eat,35,Take pictures,20,Catch up,15,Play games,10,Hug,8,Gossip,5,Barbecue,4,,,
Name something people wear to stay warm,Coat,40,Gloves,18,Scarf,15,Hat,12,Sweater,8,Boots,4,,,,,
Name a breakfast food,Eggs,32,Pancakes,20,Bacon,15,Cereal,12,Toast,10,Oatmeal,5,Waffles,4,,,
Name a fruit that is yellow,Banana,55,Lemon,22,Pineapple,10,Mango,6,Yellow apple,3,,,,,,,
