Question,Answer 1,Points 1,Answer 2,Points 2,Answer 3,Points 3,Answer 4,Points 4,Answer 5,Points 5,Answer 6,Points 6,Answer 7,Points 7,Answer 8,Points 8,Multiplier,Question (Tagalog),Question (Vietnamese),Answer hints (TL / VI)
Name something you need in a Canadian winter,Jacket,34,Boots,20,Gloves,13,Hat,10,Scarf,9,Shovel,8,Heater,6,,,,Magbigay ng kailangan mo sa taglamig sa Canada.,Kể tên một thứ bạn cần vào mùa đông ở Canada.,dyaket / áo khoác | / giày bốt | / găng tay | sumbrero / nón | / khăn quàng | pala / xẻng | / máy sưởi
Name something you buy at Tim Hortons,Coffee,38,Timbits,22,Donut,14,Iced Capp,10,Tea,7,Bagel,5,Hot chocolate,4,,,,Magbigay ng binibili mo sa Tim Hortons.,Kể tên một món bạn hay mua ở Tim Hortons.,kape / cà phê |  |  |  | tsaa / trà |  | / sô-cô-la nóng
Name something parents send back home,Money,32,Clothes,20,Chocolate,14,Canned food,11,Vitamins,9,Shoes,8,Lotion,6,,,,Magbigay ng pinapadala ng mga magulang sa pamilya sa Pilipinas.,Kể tên một thứ ba mẹ hay gửi về quê cho bà con.,pera / tiền | damit / quần áo | tsokolate / sô-cô-la | de lata / đồ hộp | bitamina / thuốc bổ | sapatos / giày
Name something you see at Niagara Falls,Water,30,Tourists,22,Boat,15,Rainbow,11,Casino,9,Fireworks,7,Haunted house,6,,,,Magbigay ng makikita mo sa Niagara Falls.,Kể tên một thứ bạn thấy ở thác Niagara.,tubig / nước | turista / du khách | bangka / thuyền | bahaghari / cầu vồng |  | paputok / pháo bông | / nhà ma
Name something people do at a casino,Play slots,34,Eat,20,Lose money,16,Win money,10,Drink,8,Play cards,7,Pray,5,,,,Magbigay ng ginagawa ng mga tao sa casino.,Kể tên một việc người ta hay làm ở casino.,/ máy đánh bạc | kain / ăn | talo / thua | panalo / thắng | inom / uống | baraha / đánh bài | dasal / cầu nguyện
Name something that brings good luck,Red,28,Gold,16,Lucky cat,14,Round fruit,12,Pray,10,Bamboo,8,Clover,7,Polka dots,5,,Magbigay ng bagay na pampaswerte.,Kể tên một thứ đem lại may mắn.,pula / đỏ | ginto / vàng | / mèo thần tài | bilog na prutas / mâm ngũ quả | dasal / cầu | kawayan / trúc
Name something that is bad luck,Number 4,30,Black cat,20,Thirteen,14,Broken mirror,12,Sweeping,10,Ladder,8,Umbrella inside,6,,,,Magbigay ng bagay na malas.,Kể tên một thứ bị coi là xui xẻo.,/ số 4 | itim na pusa / mèo đen |  | basag na salamin / gương vỡ | walis / quét nhà | hagdan / thang | payong / dù
Name something parents yell at their kids,Eat,30,Study,20,Turn off the lights,15,Go to sleep,12,Close the door,10,Wear a jacket,8,Clean your room,5,,,,Magbigay ng isinisigaw ng mga magulang sa mga anak.,Kể tên một câu ba mẹ hay la con cái.,Kain! / Ăn! | Mag-aral! / Học! | Patayin ang ilaw! / Tắt đèn! | Matulog! / Đi ngủ! | Isara ang pinto! / Đóng cửa! | Mag-jacket! / Mặc áo khoác! | Linisin ang kwarto! / Dọn phòng!
Name something in the family group chat,Family photos,30,Good morning,20,Food,15,Videos,12,Birthdays,10,Prayers,8,Stickers,5,,,,Magbigay ng makikita sa group chat ng pamilya.,Kể tên một thứ hay thấy trong nhóm chat gia đình.,litrato / hình | Magandang umaga / chào buổi sáng | pagkain / đồ ăn |  | / sinh nhật | dasal / cầu nguyện
Name something kids get at Christmas or New Year,Money,40,Toys,18,Clothes,13,Candy,10,Kisses,8,Food,6,Socks,5,,,,Magbigay ng natatanggap ng mga bata tuwing Pasko o Bagong Taon.,Kể tên một thứ con nít được nhận vào dịp Tết hay Giáng Sinh.,"pera, aguinaldo / lì xì | laruan / đồ chơi | damit / quần áo | kendi / kẹo | halik / hôn | pagkain / đồ ăn | medyas / vớ"
Name something you do at karaoke,Sing,34,Eat,18,Drink,14,Fight for the mic,12,Dance,10,Cry,7,High score,5,,,,Magbigay ng ginagawa mo sa karaoke.,Kể tên một việc bạn làm khi đi hát karaoke.,kanta / hát | kain / ăn | inom / nhậu | agawan ng mic / giành mic | sayaw / nhảy | iyak / khóc
Name something that surprises new people in Canada,Snow,40,Prices,15,Tipping,12,"""Sorry""",10,Hockey,8,Big stores,8,Taxes,7,,,,Magbigay ng ikinagulat ng mga bagong dating sa Canada.,Kể tên một điều làm người mới qua Canada ngạc nhiên.,niyebe / tuyết | presyo / giá | / tiền tip |  |  |  | buwis / thuế
Name a reason you are late,Traffic,28,Bus,22,Overslept,18,Snow,12,Parking,9,Waiting for Mom,6,Getting ready,5,,,2,Magbigay ng dahilan kung bakit ka na-late.,Kể tên một lý do bạn bị trễ.,trapik / kẹt xe |  | tinanghali / ngủ quên | niyebe / tuyết | / đậu xe | hinintay si Mama / chờ mẹ | nag-aayos / sửa soạn
Name a food you eat a lot of at a buffet,Crab legs,28,Shrimp,20,Beef,15,Dessert,12,Sushi,10,Pizza,8,Salad,7,,,2,Magbigay ng pagkaing pinakamarami mong kinakain sa buffet.,Kể tên một món bạn ăn nhiều nhất ở buffet.,alimango / cua | hipon / tôm | baka / thịt bò
Name a lucky number,8,35,7,25,9,12,6,10,3,8,1,6,5,4,,,3,Magbigay ng numerong pampaswerte.,Kể tên một con số may mắn.,
